{"cameraMode":{"drawMode":0,"name":"Shaded","section":"Shading Mode"},"sceneLighting":true,"audioPlay":false,"sceneViewState":{"showFog":true,"showMaterialUpdate":false,"showSkybox":true,"showFlares":true,"showImageEffects":true,"showParticleSystems":true},"in2DMode":false,"pivot":{"x":-8.34372615814209,"y":5.079999923706055,"z":-16.697526931762697},"rotation":{"x":-0.40392419695854189,"y":0.00632455013692379,"z":-0.0027900554705411197,"w":-0.914775013923645},"size":10.0,"orthographic":false}